<?xml version="1.0" encoding="UTF-8"?>
<rss version="2.0">
  <channel>
    <title>Oxford RV Storage Blog</title>
    <link>https://www.oxfordrvstorage.com/</link>
    <description>Guides on car, RV, boat, camper, and vehicle storage for Atlanta Metro and Oxford, Georgia.</description>
    <language>en-us</language>
    <lastBuildDate>Mon, 01 Dec 2025 15:00:08 GMT</lastBuildDate>
    <generator>Cursor Content Builder</generator>
    <item>
      <title>Secure Camper Storage Near Oxford, Georgia</title>
      <link>https://www.oxfordrvstorage.com/blog/secure-camper-storage-near-oxford-georgia.html</link>
      <guid>https://www.oxfordrvstorage.com/blog/secure-camper-storage-near-oxford-georgia.html</guid>
      <pubDate>Mon, 01 Dec 2025 15:00:08 GMT</pubDate>
      <description><![CDATA[Camper storage options near Oxford, GA with security features, accessibility, and competitive pricing for Newton County and east Atlanta Metro owners.]]></description>
    </item>
    <item>
      <title>Why People Choose Oxford Over Atlanta for Storage</title>
      <link>https://www.oxfordrvstorage.com/blog/why-people-choose-oxford-over-atlanta-for-storage.html</link>
      <guid>https://www.oxfordrvstorage.com/blog/why-people-choose-oxford-over-atlanta-for-storage.html</guid>
      <pubDate>Mon, 01 Dec 2025 14:59:39 GMT</pubDate>
      <description><![CDATA[The practical reasons vehicle owners choose Oxford, GA over in-town Atlanta for storage. Cost analysis, accessibility, and who benefits most.]]></description>
    </item>
    <item>
      <title>Why Gated Storage Lots Matter for Atlanta Vehicle Owners</title>
      <link>https://www.oxfordrvstorage.com/blog/why-gated-storage-lots-matter-for-atlanta-vehicle-owners.html</link>
      <guid>https://www.oxfordrvstorage.com/blog/why-gated-storage-lots-matter-for-atlanta-vehicle-owners.html</guid>
      <pubDate>Mon, 01 Dec 2025 14:59:08 GMT</pubDate>
      <description><![CDATA[Understanding why gated access is fundamental to vehicle storage security. How gates work, what they prevent, and what to look for in Atlanta.]]></description>
    </item>
    <item>
      <title>Why Atlanta Camper Owners Are Looking East to Oxford</title>
      <link>https://www.oxfordrvstorage.com/blog/why-atlanta-camper-owners-are-looking-east-to-oxford.html</link>
      <guid>https://www.oxfordrvstorage.com/blog/why-atlanta-camper-owners-are-looking-east-to-oxford.html</guid>
      <pubDate>Mon, 01 Dec 2025 14:58:38 GMT</pubDate>
      <description><![CDATA[The practical reasons Atlanta camper owners choose storage in Oxford and the I-20 East corridor. Cost savings, space, and accessibility factors.]]></description>
    </item>
    <item>
      <title>Which Atlanta Storage Facilities Offer the Best Security</title>
      <link>https://www.oxfordrvstorage.com/blog/which-atlanta-storage-facilities-offer-the-best-security.html</link>
      <guid>https://www.oxfordrvstorage.com/blog/which-atlanta-storage-facilities-offer-the-best-security.html</guid>
      <pubDate>Mon, 01 Dec 2025 14:57:55 GMT</pubDate>
      <description><![CDATA[How to evaluate security at Atlanta vehicle storage facilities. What features actually matter, what's marketing, and how to assess real security.]]></description>
    </item>
    <item>
      <title>Where to Store Your Travel Trailer Safely in Georgia</title>
      <link>https://www.oxfordrvstorage.com/blog/where-to-store-your-travel-trailer-safely-in-georgia.html</link>
      <guid>https://www.oxfordrvstorage.com/blog/where-to-store-your-travel-trailer-safely-in-georgia.html</guid>
      <pubDate>Mon, 01 Dec 2025 14:57:24 GMT</pubDate>
      <description><![CDATA[Options for storing your travel trailer in Georgia, from backyard storage to dedicated facilities. Security, regulations, and practical considerations.]]></description>
    </item>
    <item>
      <title>Top Rated Car Storage Facilities in Atlanta Metro</title>
      <link>https://www.oxfordrvstorage.com/blog/top-rated-car-storage-facilities-in-atlanta-metro.html</link>
      <guid>https://www.oxfordrvstorage.com/blog/top-rated-car-storage-facilities-in-atlanta-metro.html</guid>
      <pubDate>Mon, 01 Dec 2025 14:56:50 GMT</pubDate>
      <description><![CDATA[How to find and evaluate car storage in the Atlanta Metro. What ratings can tell you, what they can't, and what actually matters for your vehicle.]]></description>
    </item>
    <item>
      <title>Top Industrial Storage Trends in Georgia</title>
      <link>https://www.oxfordrvstorage.com/blog/top-industrial-storage-trends-in-georgia.html</link>
      <guid>https://www.oxfordrvstorage.com/blog/top-industrial-storage-trends-in-georgia.html</guid>
      <pubDate>Mon, 01 Dec 2025 14:56:20 GMT</pubDate>
      <description><![CDATA[How industrial and commercial storage is evolving in Georgia. E-commerce impact, location shifts, and what it means for vehicle and equipment storage.]]></description>
    </item>
    <item>
      <title>The Best Boat Storage Reviews for Atlanta Metro</title>
      <link>https://www.oxfordrvstorage.com/blog/the-best-boat-storage-reviews-for-atlanta-metro.html</link>
      <guid>https://www.oxfordrvstorage.com/blog/the-best-boat-storage-reviews-for-atlanta-metro.html</guid>
      <pubDate>Mon, 01 Dec 2025 14:55:49 GMT</pubDate>
      <description><![CDATA[How to evaluate boat storage options in the Atlanta Metro area. What reviews can and can't tell you, and what actually matters for boat storage.]]></description>
    </item>
    <item>
      <title>What Makes a Good Vehicle Storage Facility in Georgia</title>
      <link>https://www.oxfordrvstorage.com/blog/what-makes-a-good-vehicle-storage-facility-in-georgia.html</link>
      <guid>https://www.oxfordrvstorage.com/blog/what-makes-a-good-vehicle-storage-facility-in-georgia.html</guid>
      <pubDate>Mon, 01 Dec 2025 14:55:08 GMT</pubDate>
      <description><![CDATA[The characteristics that separate good vehicle storage from mediocre options in Georgia. What to look for, what to avoid, and how to tell the difference.]]></description>
    </item>
    <item>
      <title>Top Features to Look for in an Atlanta Camper Storage Facility</title>
      <link>https://www.oxfordrvstorage.com/blog/top-features-to-look-for-in-an-atlanta-camper-storage-facility.html</link>
      <guid>https://www.oxfordrvstorage.com/blog/top-features-to-look-for-in-an-atlanta-camper-storage-facility.html</guid>
      <pubDate>Mon, 01 Dec 2025 14:54:29 GMT</pubDate>
      <description><![CDATA[Essential and nice-to-have features when choosing camper storage in Atlanta. What matters, what doesn't, and how to evaluate facilities.]]></description>
    </item>
    <item>
      <title>Summer Storage Tips for RV and Boat Owners in Atlanta</title>
      <link>https://www.oxfordrvstorage.com/blog/summer-storage-tips-for-rv-and-boat-owners-in-atlanta.html</link>
      <guid>https://www.oxfordrvstorage.com/blog/summer-storage-tips-for-rv-and-boat-owners-in-atlanta.html</guid>
      <pubDate>Mon, 01 Dec 2025 14:53:53 GMT</pubDate>
      <description><![CDATA[Protecting RVs and boats from Georgia summer heat and sun. Practical tips for storage during the hottest months.]]></description>
    </item>
    <item>
      <title>Summer Boat Storage Tips for Georgia Boat Owners</title>
      <link>https://www.oxfordrvstorage.com/blog/summer-boat-storage-tips-for-georgia-boat-owners.html</link>
      <guid>https://www.oxfordrvstorage.com/blog/summer-boat-storage-tips-for-georgia-boat-owners.html</guid>
      <pubDate>Mon, 01 Dec 2025 14:53:16 GMT</pubDate>
      <description><![CDATA[How to protect your boat during Georgia's intense summer. Managing heat, UV, and humidity when your boat sits between uses.]]></description>
    </item>
    <item>
      <title>Storing Vehicles in Atlanta During Long Road Trips</title>
      <link>https://www.oxfordrvstorage.com/blog/storing-vehicles-in-atlanta-during-long-road-trips.html</link>
      <guid>https://www.oxfordrvstorage.com/blog/storing-vehicles-in-atlanta-during-long-road-trips.html</guid>
      <pubDate>Mon, 01 Dec 2025 14:52:41 GMT</pubDate>
      <description><![CDATA[Where to store your car when taking a long road trip from Atlanta. Options, preparation, and what to consider for extended travel.]]></description>
    </item>
    <item>
      <title>Why Boat Owners Prefer Oxford for Storage</title>
      <link>https://www.oxfordrvstorage.com/blog/why-boat-owners-prefer-oxford-for-storage.html</link>
      <guid>https://www.oxfordrvstorage.com/blog/why-boat-owners-prefer-oxford-for-storage.html</guid>
      <pubDate>Mon, 01 Dec 2025 14:50:50 GMT</pubDate>
      <description><![CDATA[The practical reasons boat owners choose Oxford, GA for storage over marina and in-town options. Location, cost, and Lake Oconee access factors.]]></description>
    </item>
    <item>
      <title>Contractor Equipment Storage Near Atlanta and Oxford</title>
      <link>https://www.oxfordrvstorage.com/blog/contractor-equipment-storage-near-atlanta-and-oxford.html</link>
      <guid>https://www.oxfordrvstorage.com/blog/contractor-equipment-storage-near-atlanta-and-oxford.html</guid>
      <pubDate>Mon, 01 Dec 2025 14:50:07 GMT</pubDate>
      <description><![CDATA[Storage options for contractors in the Atlanta and Oxford area. Where to store work trucks, trailers, and equipment securely and affordably.]]></description>
    </item>
    <item>
      <title>How Industrial Storage Works for Small Businesses in Georgia</title>
      <link>https://www.oxfordrvstorage.com/blog/how-industrial-storage-works-for-small-businesses-in-georgia.html</link>
      <guid>https://www.oxfordrvstorage.com/blog/how-industrial-storage-works-for-small-businesses-in-georgia.html</guid>
      <pubDate>Mon, 01 Dec 2025 14:49:36 GMT</pubDate>
      <description><![CDATA[Understanding industrial storage options for small businesses in Georgia. What's available, how pricing works, and matching storage to your business needs.]]></description>
    </item>
    <item>
      <title>Affordable Industrial Storage Units Near Atlanta</title>
      <link>https://www.oxfordrvstorage.com/blog/affordable-industrial-storage-units-near-atlanta.html</link>
      <guid>https://www.oxfordrvstorage.com/blog/affordable-industrial-storage-units-near-atlanta.html</guid>
      <pubDate>Mon, 01 Dec 2025 14:49:06 GMT</pubDate>
      <description><![CDATA[Options for industrial storage near Atlanta including work vehicles, equipment, and business inventory. What's available and what to expect for pricing.]]></description>
    </item>
    <item>
      <title>Heavy Equipment Storage Near Atlanta Metro</title>
      <link>https://www.oxfordrvstorage.com/blog/heavy-equipment-storage-near-atlanta-metro.html</link>
      <guid>https://www.oxfordrvstorage.com/blog/heavy-equipment-storage-near-atlanta-metro.html</guid>
      <pubDate>Mon, 01 Dec 2025 14:48:44 GMT</pubDate>
      <description><![CDATA[Where to store heavy equipment, construction vehicles, and large machinery in the Atlanta Metro area. What to look for and what to expect.]]></description>
    </item>
    <item>
      <title>Fire Safety Standards for Vehicle Storage Facilities</title>
      <link>https://www.oxfordrvstorage.com/blog/fire-safety-standards-for-vehicle-storage-facilities.html</link>
      <guid>https://www.oxfordrvstorage.com/blog/fire-safety-standards-for-vehicle-storage-facilities.html</guid>
      <pubDate>Mon, 01 Dec 2025 14:48:22 GMT</pubDate>
      <description><![CDATA[What fire safety features to look for in vehicle storage facilities. Understanding fire risks for stored vehicles and how facilities address them.]]></description>
    </item>
    <item>
      <title>People Moving from Atlanta to Oxford Storage Guide</title>
      <link>https://www.oxfordrvstorage.com/blog/people-moving-from-atlanta-to-oxford-storage-guide.html</link>
      <guid>https://www.oxfordrvstorage.com/blog/people-moving-from-atlanta-to-oxford-storage-guide.html</guid>
      <pubDate>Mon, 01 Dec 2025 14:29:48 GMT</pubDate>
      <description><![CDATA[Vehicle storage options for people relocating to the Oxford/Covington area from Atlanta. What to know about storage in your new area.]]></description>
    </item>
    <item>
      <title>Outdoor vs Indoor Storage in Atlanta, Full Comparison</title>
      <link>https://www.oxfordrvstorage.com/blog/outdoor-vs-indoor-storage-in-atlanta-full-comparison.html</link>
      <guid>https://www.oxfordrvstorage.com/blog/outdoor-vs-indoor-storage-in-atlanta-full-comparison.html</guid>
      <pubDate>Mon, 01 Dec 2025 14:29:21 GMT</pubDate>
      <description><![CDATA[Complete comparison of outdoor and indoor vehicle storage in Atlanta. Cost differences, protection levels, and how to decide which is right for your vehicle.]]></description>
    </item>
    <item>
      <title>Best Suburban Car Storage Options Outside Atlanta</title>
      <link>https://www.oxfordrvstorage.com/blog/best-suburban-car-storage-options-outside-atlanta.html</link>
      <guid>https://www.oxfordrvstorage.com/blog/best-suburban-car-storage-options-outside-atlanta.html</guid>
      <pubDate>Mon, 01 Dec 2025 14:28:29 GMT</pubDate>
      <description><![CDATA[Car storage options in Atlanta's suburbs. How to find quality storage outside the city, what different areas offer, and balancing cost with convenience.]]></description>
    </item>
    <item>
      <title>Comparison Guide: Atlanta Car Storage Pricing</title>
      <link>https://www.oxfordrvstorage.com/blog/comparison-guide-atlanta-car-storage-pricing.html</link>
      <guid>https://www.oxfordrvstorage.com/blog/comparison-guide-atlanta-car-storage-pricing.html</guid>
      <pubDate>Mon, 01 Dec 2025 14:28:01 GMT</pubDate>
      <description><![CDATA[A complete pricing comparison for car storage across the Atlanta Metro. Understanding rates by location, storage type, and what you should expect to pay.]]></description>
    </item>
    <item>
      <title>Atlanta&#39;s Most Affordable Car Storage Options Compared</title>
      <link>https://www.oxfordrvstorage.com/blog/atlantas-most-affordable-car-storage-options-compared.html</link>
      <guid>https://www.oxfordrvstorage.com/blog/atlantas-most-affordable-car-storage-options-compared.html</guid>
      <pubDate>Mon, 01 Dec 2025 14:27:31 GMT</pubDate>
      <description><![CDATA[Comparing the most affordable car storage options in Atlanta. What you get at different price points and how to find the best value.]]></description>
    </item>
    <item>
      <title>Affordable Boat Storage Near Atlanta Marinas</title>
      <link>https://www.oxfordrvstorage.com/blog/affordable-boat-storage-near-atlanta-marinas.html</link>
      <guid>https://www.oxfordrvstorage.com/blog/affordable-boat-storage-near-atlanta-marinas.html</guid>
      <pubDate>Mon, 01 Dec 2025 14:26:56 GMT</pubDate>
      <description><![CDATA[Comparing boat storage costs near Atlanta-area lakes and marinas. Finding affordable options without sacrificing too much on convenience or protection.]]></description>
    </item>
    <item>
      <title>Most Reliable RV Storage Lots in Atlanta</title>
      <link>https://www.oxfordrvstorage.com/blog/most-reliable-rv-storage-lots-in-atlanta.html</link>
      <guid>https://www.oxfordrvstorage.com/blog/most-reliable-rv-storage-lots-in-atlanta.html</guid>
      <pubDate>Mon, 01 Dec 2025 14:26:24 GMT</pubDate>
      <description><![CDATA[What makes an RV storage lot reliable in Atlanta. How to evaluate facilities, what to look for, and red flags that indicate potential problems.]]></description>
    </item>
    <item>
      <title>Places to Store Your Jet Ski or Small Boat Near Atlanta</title>
      <link>https://www.oxfordrvstorage.com/blog/places-to-store-your-jet-ski-or-small-boat-near-atlanta.html</link>
      <guid>https://www.oxfordrvstorage.com/blog/places-to-store-your-jet-ski-or-small-boat-near-atlanta.html</guid>
      <pubDate>Mon, 01 Dec 2025 14:25:19 GMT</pubDate>
      <description><![CDATA[Storage options for jet skis and small boats in the Atlanta area. What works, what to avoid, and how to find appropriate storage for smaller watercraft.]]></description>
    </item>
    <item>
      <title>How to Choose a Reliable Boat Storage Facility in Atlanta</title>
      <link>https://www.oxfordrvstorage.com/blog/how-to-choose-a-reliable-boat-storage-facility-in-atlanta.html</link>
      <guid>https://www.oxfordrvstorage.com/blog/how-to-choose-a-reliable-boat-storage-facility-in-atlanta.html</guid>
      <pubDate>Mon, 01 Dec 2025 14:24:49 GMT</pubDate>
      <description><![CDATA[What to look for in boat storage near Atlanta. Evaluating facilities for trailered boats, understanding your options, and avoiding common problems.]]></description>
    </item>
    <item>
      <title>Holiday Travel Storage Options Near Atlanta</title>
      <link>https://www.oxfordrvstorage.com/blog/holiday-travel-storage-options-near-atlanta.html</link>
      <guid>https://www.oxfordrvstorage.com/blog/holiday-travel-storage-options-near-atlanta.html</guid>
      <pubDate>Mon, 01 Dec 2025 14:24:09 GMT</pubDate>
      <description><![CDATA[Where to store your vehicle when traveling during the holidays from Atlanta. Options, timing considerations, and what to plan ahead.]]></description>
    </item>
    <item>
      <title>How to Pick the Best Storage Facility for Your Vehicle in Georgia</title>
      <link>https://www.oxfordrvstorage.com/blog/how-to-pick-the-best-storage-facility-for-your-vehicle-in-georgia.html</link>
      <guid>https://www.oxfordrvstorage.com/blog/how-to-pick-the-best-storage-facility-for-your-vehicle-in-georgia.html</guid>
      <pubDate>Mon, 01 Dec 2025 14:23:35 GMT</pubDate>
      <description><![CDATA[A step-by-step guide to choosing vehicle storage in Georgia. What to prioritize, how to evaluate facilities, and common mistakes to avoid.]]></description>
    </item>
    <item>
      <title>Best Storage Options During Hurricane Season</title>
      <link>https://www.oxfordrvstorage.com/blog/best-storage-options-during-hurricane-season.html</link>
      <guid>https://www.oxfordrvstorage.com/blog/best-storage-options-during-hurricane-season.html</guid>
      <pubDate>Mon, 01 Dec 2025 14:22:30 GMT</pubDate>
      <description><![CDATA[Protecting stored vehicles during Atlantic hurricane season in Georgia. What threats Atlanta actually faces, and how to prepare your stored vehicles.]]></description>
    </item>
    <item>
      <title>Best Places to Store Your Vehicle During Georgia Winters</title>
      <link>https://www.oxfordrvstorage.com/blog/best-places-to-store-your-vehicle-during-georgia-winters.html</link>
      <guid>https://www.oxfordrvstorage.com/blog/best-places-to-store-your-vehicle-during-georgia-winters.html</guid>
      <pubDate>Mon, 01 Dec 2025 14:22:30 GMT</pubDate>
      <description><![CDATA[Winter storage options for vehicles in Georgia. What Georgia winters require, how to prepare, and where to find appropriate seasonal storage.]]></description>
    </item>
    <item>
      <title>How to Protect Stored Vehicles During Atlanta Storms</title>
      <link>https://www.oxfordrvstorage.com/blog/how-to-protect-stored-vehicles-during-atlanta-storms.html</link>
      <guid>https://www.oxfordrvstorage.com/blog/how-to-protect-stored-vehicles-during-atlanta-storms.html</guid>
      <pubDate>Mon, 01 Dec 2025 14:22:30 GMT</pubDate>
      <description><![CDATA[Protecting your stored vehicle from severe weather in Atlanta. Storm preparation, what to do before and after, and choosing storm-resistant storage.]]></description>
    </item>
    <item>
      <title>How Weather Affects Vehicle Storage in Georgia</title>
      <link>https://www.oxfordrvstorage.com/blog/how-weather-affects-vehicle-storage-in-georgia.html</link>
      <guid>https://www.oxfordrvstorage.com/blog/how-weather-affects-vehicle-storage-in-georgia.html</guid>
      <pubDate>Mon, 01 Dec 2025 14:22:30 GMT</pubDate>
      <description><![CDATA[Georgia's weather and its effects on stored vehicles. Heat, humidity, storms, and seasonal considerations for car, RV, and boat storage.]]></description>
    </item>
    <item>
      <title>Car Storage Solutions for People Moving to Atlanta</title>
      <link>https://www.oxfordrvstorage.com/blog/car-storage-solutions-for-people-moving-to-atlanta.html</link>
      <guid>https://www.oxfordrvstorage.com/blog/car-storage-solutions-for-people-moving-to-atlanta.html</guid>
      <pubDate>Mon, 01 Dec 2025 14:22:30 GMT</pubDate>
      <description><![CDATA[Storage options for people relocating to Atlanta who need temporary vehicle storage during the transition. What to consider, how long you'll need it, and where to look.]]></description>
    </item>
    <item>
      <title>Camper Storage Mistakes to Avoid</title>
      <link>https://www.oxfordrvstorage.com/blog/camper-storage-mistakes-to-avoid.html</link>
      <guid>https://www.oxfordrvstorage.com/blog/camper-storage-mistakes-to-avoid.html</guid>
      <pubDate>Mon, 01 Dec 2025 14:22:30 GMT</pubDate>
      <description><![CDATA[Common camper storage mistakes that lead to expensive repairs. What goes wrong, why it happens, and how to prevent these costly errors.]]></description>
    </item>
    <item>
      <title>Camper Storage Prices in the Atlanta Metro</title>
      <link>https://www.oxfordrvstorage.com/blog/camper-storage-prices-in-the-atlanta-metro.html</link>
      <guid>https://www.oxfordrvstorage.com/blog/camper-storage-prices-in-the-atlanta-metro.html</guid>
      <pubDate>Mon, 01 Dec 2025 14:22:30 GMT</pubDate>
      <description><![CDATA[Current camper and travel trailer storage pricing in Atlanta. What to expect by size, location, and storage type, plus tips for finding the best value.]]></description>
    </item>
    <item>
      <title>Covered Camper Storage vs Open Storage in Atlanta</title>
      <link>https://www.oxfordrvstorage.com/blog/covered-camper-storage-vs-open-storage-in-atlanta.html</link>
      <guid>https://www.oxfordrvstorage.com/blog/covered-camper-storage-vs-open-storage-in-atlanta.html</guid>
      <pubDate>Mon, 01 Dec 2025 14:22:30 GMT</pubDate>
      <description><![CDATA[Comparing covered and open outdoor storage for campers and travel trailers in Atlanta. When covered is worth the premium and when open storage works fine.]]></description>
    </item>
    <item>
      <title>Secure, Battery-Maintained Storage for Luxury Cars in Atlanta</title>
      <link>https://www.oxfordrvstorage.com/blog/secure-battery-maintained-storage-for-luxury-cars-in-atlanta.html</link>
      <guid>https://www.oxfordrvstorage.com/blog/secure-battery-maintained-storage-for-luxury-cars-in-atlanta.html</guid>
      <pubDate>Mon, 01 Dec 2025 14:22:30 GMT</pubDate>
      <description><![CDATA[Storage options with battery maintenance for luxury cars in Atlanta. Why battery care matters, how different facilities handle it, and your options.]]></description>
    </item>
    <item>
      <title>Why Oxford Is Becoming a Popular Luxury Car Storage Hub</title>
      <link>https://www.oxfordrvstorage.com/blog/why-oxford-is-becoming-a-popular-luxury-car-storage-hub.html</link>
      <guid>https://www.oxfordrvstorage.com/blog/why-oxford-is-becoming-a-popular-luxury-car-storage-hub.html</guid>
      <pubDate>Mon, 01 Dec 2025 14:22:30 GMT</pubDate>
      <description><![CDATA[The factors making Oxford, GA an attractive location for luxury car storage, including pricing advantages, accessibility, and facility availability.]]></description>
    </item>
    <item>
      <title>How to Store Your High-Value Vehicle Safely in Georgia</title>
      <link>https://www.oxfordrvstorage.com/blog/how-to-store-your-high-value-vehicle-safely-in-georgia.html</link>
      <guid>https://www.oxfordrvstorage.com/blog/how-to-store-your-high-value-vehicle-safely-in-georgia.html</guid>
      <pubDate>Mon, 01 Dec 2025 14:22:30 GMT</pubDate>
      <description><![CDATA[Complete guide to storing high-value vehicles in Georgia. Security, environmental protection, insurance, and choosing the right storage option for valuable cars.]]></description>
    </item>
    <item>
      <title>Best Car Storage for Ferrari, Porsche, Lamborghini Owners in Atlanta</title>
      <link>https://www.oxfordrvstorage.com/blog/best-car-storage-for-ferrari-porsche-lamborghini-owners-in-atlanta.html</link>
      <guid>https://www.oxfordrvstorage.com/blog/best-car-storage-for-ferrari-porsche-lamborghini-owners-in-atlanta.html</guid>
      <pubDate>Mon, 01 Dec 2025 14:22:30 GMT</pubDate>
      <description><![CDATA[Storage options for supercar owners in Atlanta. What Ferrari, Porsche, and Lamborghini cars need, where to find appropriate facilities, and what to expect.]]></description>
    </item>
    <item>
      <title>Top Safety Tips for Storing Luxury Cars in Georgia</title>
      <link>https://www.oxfordrvstorage.com/blog/top-safety-tips-for-storing-luxury-cars-in-georgia.html</link>
      <guid>https://www.oxfordrvstorage.com/blog/top-safety-tips-for-storing-luxury-cars-in-georgia.html</guid>
      <pubDate>Mon, 01 Dec 2025 14:22:30 GMT</pubDate>
      <description><![CDATA[Practical safety tips for storing luxury vehicles in Georgia. Protecting against theft, weather, and degradation while maintaining your investment.]]></description>
    </item>
    <item>
      <title>Long-Term Exotic Car Storage Tips for Atlanta Owners</title>
      <link>https://www.oxfordrvstorage.com/blog/long-term-exotic-car-storage-tips-for-atlanta-owners.html</link>
      <guid>https://www.oxfordrvstorage.com/blog/long-term-exotic-car-storage-tips-for-atlanta-owners.html</guid>
      <pubDate>Mon, 01 Dec 2025 14:22:30 GMT</pubDate>
      <description><![CDATA[How to properly store exotic cars long-term in Atlanta. Preparation, maintenance during storage, and what to do before driving again.]]></description>
    </item>
    <item>
      <title>Premium Car Storage Solutions for Classic Cars in Atlanta</title>
      <link>https://www.oxfordrvstorage.com/blog/premium-car-storage-solutions-for-classic-cars-in-atlanta.html</link>
      <guid>https://www.oxfordrvstorage.com/blog/premium-car-storage-solutions-for-classic-cars-in-atlanta.html</guid>
      <pubDate>Mon, 01 Dec 2025 14:22:30 GMT</pubDate>
      <description><![CDATA[Premium and concierge storage options for classic cars in Atlanta. What true premium storage provides, who needs it, and how to find appropriate facilities.]]></description>
    </item>
    <item>
      <title>Best Secure Car Storage for Classic Cars in Atlanta</title>
      <link>https://www.oxfordrvstorage.com/blog/best-secure-car-storage-for-classic-cars-in-atlanta.html</link>
      <guid>https://www.oxfordrvstorage.com/blog/best-secure-car-storage-for-classic-cars-in-atlanta.html</guid>
      <pubDate>Mon, 01 Dec 2025 14:22:30 GMT</pubDate>
      <description><![CDATA[Storage options for classic and vintage cars in Atlanta. What classics need for protection, security considerations, and how to find appropriate facilities.]]></description>
    </item>
    <item>
      <title>Best Luxury Car Storage Near Atlanta Airbnbs and Airports</title>
      <link>https://www.oxfordrvstorage.com/blog/best-luxury-car-storage-near-atlanta-airbnbs-and-airports.html</link>
      <guid>https://www.oxfordrvstorage.com/blog/best-luxury-car-storage-near-atlanta-airbnbs-and-airports.html</guid>
      <pubDate>Mon, 01 Dec 2025 14:22:30 GMT</pubDate>
      <description><![CDATA[Where to store your luxury car when traveling through Atlanta. Options near Hartsfield-Jackson and for visitors staying in Atlanta-area Airbnbs.]]></description>
    </item>
    <item>
      <title>RV Storage Security Features You Should Demand in Atlanta</title>
      <link>https://www.oxfordrvstorage.com/blog/rv-storage-security-features-you-should-demand-in-atlanta.html</link>
      <guid>https://www.oxfordrvstorage.com/blog/rv-storage-security-features-you-should-demand-in-atlanta.html</guid>
      <pubDate>Mon, 01 Dec 2025 14:22:30 GMT</pubDate>
      <description><![CDATA[Essential security features for RV storage in Atlanta. What actually protects your motorhome, what's marketing fluff, and how to evaluate facility security.]]></description>
    </item>
    <item>
      <title>Where to Store Exotic Cars Safely in the Atlanta Metro</title>
      <link>https://www.oxfordrvstorage.com/blog/where-to-store-exotic-cars-safely-in-the-atlanta-metro.html</link>
      <guid>https://www.oxfordrvstorage.com/blog/where-to-store-exotic-cars-safely-in-the-atlanta-metro.html</guid>
      <pubDate>Mon, 01 Dec 2025 14:22:30 GMT</pubDate>
      <description><![CDATA[Storage options for exotic and high-value cars in Atlanta. What protection levels to consider, where to find appropriate facilities, and what exotic cars actually need.]]></description>
    </item>
    <item>
      <title>Outdoor Storage Yards in Atlanta for Work Vehicles</title>
      <link>https://www.oxfordrvstorage.com/blog/outdoor-storage-yards-in-atlanta-for-work-vehicles.html</link>
      <guid>https://www.oxfordrvstorage.com/blog/outdoor-storage-yards-in-atlanta-for-work-vehicles.html</guid>
      <pubDate>Mon, 01 Dec 2025 14:22:30 GMT</pubDate>
      <description><![CDATA[Finding outdoor storage yards for work trucks, trailers, and equipment in Atlanta. What contractors and businesses need, where to look, and how to evaluate options.]]></description>
    </item>
    <item>
      <title>Covered vs Uncovered Boat Storage in Atlanta</title>
      <link>https://www.oxfordrvstorage.com/blog/covered-vs-uncovered-boat-storage-in-atlanta.html</link>
      <guid>https://www.oxfordrvstorage.com/blog/covered-vs-uncovered-boat-storage-in-atlanta.html</guid>
      <pubDate>Mon, 01 Dec 2025 14:22:30 GMT</pubDate>
      <description><![CDATA[Comparing covered and uncovered boat storage options in Atlanta. When the extra cost of covered storage is worth it, and when uncovered works fine.]]></description>
    </item>
    <item>
      <title>RV Storage Near Oxford Georgia, What You Should Expect</title>
      <link>https://www.oxfordrvstorage.com/blog/rv-storage-near-oxford-georgia-what-you-should-expect.html</link>
      <guid>https://www.oxfordrvstorage.com/blog/rv-storage-near-oxford-georgia-what-you-should-expect.html</guid>
      <pubDate>Mon, 01 Dec 2025 14:22:30 GMT</pubDate>
      <description><![CDATA[What to expect from RV storage facilities in and around Oxford, Georgia. Typical pricing, available options, and how the area compares to Atlanta Metro storage.]]></description>
    </item>
    <item>
      <title>Oversized RV Parking in Atlanta Metro, Where to Find It</title>
      <link>https://www.oxfordrvstorage.com/blog/oversized-rv-parking-in-atlanta-metro-where-to-find-it.html</link>
      <guid>https://www.oxfordrvstorage.com/blog/oversized-rv-parking-in-atlanta-metro-where-to-find-it.html</guid>
      <pubDate>Mon, 01 Dec 2025 14:22:30 GMT</pubDate>
      <description><![CDATA[Finding storage for large motorhomes and fifth wheels in the Atlanta Metro. What oversized RVs need, where to look, and how to evaluate if a facility can actually handle your rig.]]></description>
    </item>
    <item>
      <title>Why Atlanta RV Owners Are Moving Storage to Oxford</title>
      <link>https://www.oxfordrvstorage.com/blog/why-atlanta-rv-owners-are-moving-storage-to-oxford.html</link>
      <guid>https://www.oxfordrvstorage.com/blog/why-atlanta-rv-owners-are-moving-storage-to-oxford.html</guid>
      <pubDate>Mon, 01 Dec 2025 14:22:30 GMT</pubDate>
      <description><![CDATA[The practical reasons Atlanta-area RV owners choose storage in Oxford, GA over closer options. Cost, space, and convenience factors driving the shift.]]></description>
    </item>
    <item>
      <title>Indoor Luxury Car Storage, What Atlanta Drivers Prefer</title>
      <link>https://www.oxfordrvstorage.com/blog/indoor-luxury-car-storage-what-atlanta-drivers-prefer.html</link>
      <guid>https://www.oxfordrvstorage.com/blog/indoor-luxury-car-storage-what-atlanta-drivers-prefer.html</guid>
      <pubDate>Mon, 01 Dec 2025 14:22:30 GMT</pubDate>
      <description><![CDATA[What luxury car owners in Atlanta look for in indoor storage. Types of indoor options, what they cost, and when the premium is worth paying.]]></description>
    </item>
    <item>
      <title>Best Places to Store Delivery Vans and Fleet Vehicles in Atlanta</title>
      <link>https://www.oxfordrvstorage.com/blog/best-places-to-store-delivery-vans-and-fleet-vehicles-in-atlanta.html</link>
      <guid>https://www.oxfordrvstorage.com/blog/best-places-to-store-delivery-vans-and-fleet-vehicles-in-atlanta.html</guid>
      <pubDate>Mon, 01 Dec 2025 14:22:30 GMT</pubDate>
      <description><![CDATA[Storage options for delivery vans, box trucks, and fleet vehicles in Atlanta. What fleet operators need, where to find appropriate facilities, and cost expectations.]]></description>
    </item>
    <item>
      <title>Best Places for Camper and Motorhome Storage in Atlanta</title>
      <link>https://www.oxfordrvstorage.com/blog/best-places-for-camper-and-motorhome-storage-in-atlanta.html</link>
      <guid>https://www.oxfordrvstorage.com/blog/best-places-for-camper-and-motorhome-storage-in-atlanta.html</guid>
      <pubDate>Mon, 01 Dec 2025 14:22:30 GMT</pubDate>
      <description><![CDATA[Where to store motorhomes and campers in the Atlanta Metro area. Comparing facility types, what different RV sizes need, and how to evaluate your options.]]></description>
    </item>
    <item>
      <title>Why Oxford Is One of Atlanta&#39;s Best Vehicle Storage Areas</title>
      <link>https://www.oxfordrvstorage.com/blog/why-oxford-is-one-of-atlantas-best-vehicle-storage-areas.html</link>
      <guid>https://www.oxfordrvstorage.com/blog/why-oxford-is-one-of-atlantas-best-vehicle-storage-areas.html</guid>
      <pubDate>Mon, 01 Dec 2025 14:22:30 GMT</pubDate>
      <description><![CDATA[The practical advantages of storing vehicles in Oxford, GA versus other Atlanta Metro locations. Cost, space, accessibility, and what the area offers.]]></description>
    </item>
    <item>
      <title>How Climate Control Protects Stored Vehicles in Georgia</title>
      <link>https://www.oxfordrvstorage.com/blog/how-climate-control-protects-stored-vehicles-in-georgia.html</link>
      <guid>https://www.oxfordrvstorage.com/blog/how-climate-control-protects-stored-vehicles-in-georgia.html</guid>
      <pubDate>Mon, 01 Dec 2025 14:22:30 GMT</pubDate>
      <description><![CDATA[How climate-controlled storage protects vehicles from Georgia's heat and humidity. What it does, what it doesn't, and when the premium cost is justified.]]></description>
    </item>
    <item>
      <title>How to Choose the Best Car Storage Lot in Atlanta</title>
      <link>https://www.oxfordrvstorage.com/blog/how-to-choose-the-best-car-storage-lot-in-atlanta.html</link>
      <guid>https://www.oxfordrvstorage.com/blog/how-to-choose-the-best-car-storage-lot-in-atlanta.html</guid>
      <pubDate>Mon, 01 Dec 2025 14:22:30 GMT</pubDate>
      <description><![CDATA[A practical framework for evaluating car storage lots in Atlanta. What to prioritize, what to inspect, and how to avoid common mistakes when choosing storage.]]></description>
    </item>
    <item>
      <title>Best Anti-Theft Measures for Stored Vehicles</title>
      <link>https://www.oxfordrvstorage.com/blog/best-anti-theft-measures-for-stored-vehicles.html</link>
      <guid>https://www.oxfordrvstorage.com/blog/best-anti-theft-measures-for-stored-vehicles.html</guid>
      <pubDate>Mon, 01 Dec 2025 13:54:46 GMT</pubDate>
      <description><![CDATA[Practical anti-theft measures for cars, RVs, boats, and trailers in storage. What actually works, what's security theater, and how to layer protection.]]></description>
    </item>
    <item>
      <title>Long-Term Vehicle Storage in Atlanta, What It Really Costs</title>
      <link>https://www.oxfordrvstorage.com/blog/long-term-vehicle-storage-in-atlanta-what-it-really-costs.html</link>
      <guid>https://www.oxfordrvstorage.com/blog/long-term-vehicle-storage-in-atlanta-what-it-really-costs.html</guid>
      <pubDate>Mon, 01 Dec 2025 13:54:46 GMT</pubDate>
      <description><![CDATA[The true cost of storing a car, RV, or boat long-term in Atlanta. Beyond monthly rent: prep, maintenance, insurance, and hidden expenses.]]></description>
    </item>
    <item>
      <title>Car and RV Storage Near Stonecrest and Lithonia</title>
      <link>https://www.oxfordrvstorage.com/blog/car-and-rv-storage-near-stonecrest-and-lithonia.html</link>
      <guid>https://www.oxfordrvstorage.com/blog/car-and-rv-storage-near-stonecrest-and-lithonia.html</guid>
      <pubDate>Mon, 01 Dec 2025 13:54:46 GMT</pubDate>
      <description><![CDATA[Vehicle storage options for residents of Stonecrest and Lithonia in DeKalb County. Comparing local options with nearby facilities along the I-20 corridor.]]></description>
    </item>
    <item>
      <title>What 24-Hour Surveillance Means for Your Car Storage</title>
      <link>https://www.oxfordrvstorage.com/blog/what-24-hour-surveillance-means-for-your-car-storage.html</link>
      <guid>https://www.oxfordrvstorage.com/blog/what-24-hour-surveillance-means-for-your-car-storage.html</guid>
      <pubDate>Mon, 01 Dec 2025 13:54:46 GMT</pubDate>
      <description><![CDATA[Understanding what '24-hour surveillance' actually means at storage facilities, the difference between monitoring and recording, and what it really provides.]]></description>
    </item>
    <item>
      <title>Where Atlanta Residents Store Cars When Traveling Abroad</title>
      <link>https://www.oxfordrvstorage.com/blog/where-atlanta-residents-store-cars-when-traveling-abroad.html</link>
      <guid>https://www.oxfordrvstorage.com/blog/where-atlanta-residents-store-cars-when-traveling-abroad.html</guid>
      <pubDate>Mon, 01 Dec 2025 13:54:46 GMT</pubDate>
      <description><![CDATA[Options for storing your car while traveling internationally from Atlanta. How to prepare for extended absence and what to arrange before you leave.]]></description>
    </item>
    <item>
      <title>Safe Car Storage Facilities Near Oxford and the Atlanta Metro</title>
      <link>https://www.oxfordrvstorage.com/blog/safe-car-storage-facilities-near-oxford-and-the-atlanta-metro.html</link>
      <guid>https://www.oxfordrvstorage.com/blog/safe-car-storage-facilities-near-oxford-and-the-atlanta-metro.html</guid>
      <pubDate>Mon, 01 Dec 2025 13:54:46 GMT</pubDate>
      <description><![CDATA[What makes a car storage facility actually safe in the Atlanta Metro area. Key security features, red flags to watch for, and how to evaluate facility safety.]]></description>
    </item>
    <item>
      <title>24-Hour Access Car Storage Near Atlanta and Oxford</title>
      <link>https://www.oxfordrvstorage.com/blog/24-hour-access-car-storage-near-atlanta-and-oxford.html</link>
      <guid>https://www.oxfordrvstorage.com/blog/24-hour-access-car-storage-near-atlanta-and-oxford.html</guid>
      <pubDate>Mon, 01 Dec 2025 13:54:46 GMT</pubDate>
      <description><![CDATA[Understanding 24-hour access at storage facilities in Atlanta and Oxford. When you actually need it, how it works, and what to look for in gate access systems.]]></description>
    </item>
    <item>
      <title>How to Prep Your Camper for Long-Term Storage in Atlanta</title>
      <link>https://www.oxfordrvstorage.com/blog/how-to-prep-your-camper-for-long-term-storage-in-atlanta.html</link>
      <guid>https://www.oxfordrvstorage.com/blog/how-to-prep-your-camper-for-long-term-storage-in-atlanta.html</guid>
      <pubDate>Mon, 01 Dec 2025 13:54:46 GMT</pubDate>
      <description><![CDATA[Complete preparation guide for storing travel trailers and campers long-term in Atlanta. Seasonal storage, winterization, and keeping your camper ready for your next trip.]]></description>
    </item>
    <item>
      <title>Best Camper Storage Lots Near Atlanta</title>
      <link>https://www.oxfordrvstorage.com/blog/best-camper-storage-lots-near-atlanta.html</link>
      <guid>https://www.oxfordrvstorage.com/blog/best-camper-storage-lots-near-atlanta.html</guid>
      <pubDate>Mon, 01 Dec 2025 13:54:46 GMT</pubDate>
      <description><![CDATA[Finding camper storage in the Atlanta Metro area. What to look for in a storage lot, typical costs, and how to choose between options for travel trailers and pop-ups.]]></description>
    </item>
    <item>
      <title>Checklist Before Storing Your Classic Car in Atlanta</title>
      <link>https://www.oxfordrvstorage.com/blog/checklist-before-storing-your-classic-car-in-atlanta.html</link>
      <guid>https://www.oxfordrvstorage.com/blog/checklist-before-storing-your-classic-car-in-atlanta.html</guid>
      <pubDate>Mon, 01 Dec 2025 13:54:46 GMT</pubDate>
      <description><![CDATA[Complete preparation checklist for storing a classic or collector car in Atlanta. What to do before storage to prevent damage and ensure your car is ready to drive when you retrieve it.]]></description>
    </item>
    <item>
      <title>Secure Storage for Trailers and Flatbeds Near Atlanta</title>
      <link>https://www.oxfordrvstorage.com/blog/secure-storage-for-trailers-and-flatbeds-near-atlanta.html</link>
      <guid>https://www.oxfordrvstorage.com/blog/secure-storage-for-trailers-and-flatbeds-near-atlanta.html</guid>
      <pubDate>Mon, 01 Dec 2025 13:54:46 GMT</pubDate>
      <description><![CDATA[Where to store utility trailers, flatbeds, and equipment trailers in the Atlanta Metro. Security considerations, access needs, and finding appropriate facilities.]]></description>
    </item>
    <item>
      <title>Winter Boat Storage Guide for Atlanta Residents</title>
      <link>https://www.oxfordrvstorage.com/blog/winter-boat-storage-guide-for-atlanta-residents.html</link>
      <guid>https://www.oxfordrvstorage.com/blog/winter-boat-storage-guide-for-atlanta-residents.html</guid>
      <pubDate>Mon, 01 Dec 2025 13:54:46 GMT</pubDate>
      <description><![CDATA[How to properly winterize and store your boat in Atlanta. What Georgia's mild winters require, common mistakes, and whether you really need full winterization.]]></description>
    </item>
    <item>
      <title>How to Avoid Damage When Storing Cars Outdoors</title>
      <link>https://www.oxfordrvstorage.com/blog/how-to-avoid-damage-when-storing-cars-outdoors.html</link>
      <guid>https://www.oxfordrvstorage.com/blog/how-to-avoid-damage-when-storing-cars-outdoors.html</guid>
      <pubDate>Mon, 01 Dec 2025 13:54:46 GMT</pubDate>
      <description><![CDATA[Practical strategies to minimize damage when storing a car outdoors in Georgia. Managing sun, weather, and time-based degradation without paying for indoor storage.]]></description>
    </item>
    <item>
      <title>Best Vehicle Storage for Atlanta Students and Travelers</title>
      <link>https://www.oxfordrvstorage.com/blog/best-vehicle-storage-for-atlanta-students-and-travelers.html</link>
      <guid>https://www.oxfordrvstorage.com/blog/best-vehicle-storage-for-atlanta-students-and-travelers.html</guid>
      <pubDate>Mon, 01 Dec 2025 13:54:46 GMT</pubDate>
      <description><![CDATA[Vehicle storage options for students leaving Atlanta for summer or study abroad, and travelers storing cars during extended trips. Flexible, affordable solutions.]]></description>
    </item>
    <item>
      <title>How to Keep Your Vehicle Safe in Outdoor Storage</title>
      <link>https://www.oxfordrvstorage.com/blog/how-to-keep-your-vehicle-safe-in-outdoor-storage.html</link>
      <guid>https://www.oxfordrvstorage.com/blog/how-to-keep-your-vehicle-safe-in-outdoor-storage.html</guid>
      <pubDate>Mon, 01 Dec 2025 13:54:46 GMT</pubDate>
      <description><![CDATA[Practical steps to protect your car, RV, or boat in outdoor storage. Managing weather exposure, theft risk, and maintenance while stored outside in Georgia.]]></description>
    </item>
    <item>
      <title>Affordable Car Storage in Atlanta Metro, Complete Guide</title>
      <link>https://www.oxfordrvstorage.com/blog/affordable-car-storage-in-atlanta-metro-complete-guide.html</link>
      <guid>https://www.oxfordrvstorage.com/blog/affordable-car-storage-in-atlanta-metro-complete-guide.html</guid>
      <pubDate>Mon, 01 Dec 2025 13:54:46 GMT</pubDate>
      <description><![CDATA[How to find affordable car storage in Atlanta without compromising on security. Comparing costs, understanding what affects price, and finding the best value.]]></description>
    </item>
    <item>
      <title>Winterizing Your RV or Boat in Georgia</title>
      <link>https://www.oxfordrvstorage.com/blog/winterizing-your-rv-or-boat-in-georgia.html</link>
      <guid>https://www.oxfordrvstorage.com/blog/winterizing-your-rv-or-boat-in-georgia.html</guid>
      <pubDate>Mon, 01 Dec 2025 13:54:46 GMT</pubDate>
      <description><![CDATA[How to winterize RVs and boats in Georgia's mild but variable climate. What's actually necessary versus northern-state overkill, and the mistakes that cause freeze damage.]]></description>
    </item>
    <item>
      <title>Climate-Controlled Car Storage in Atlanta, What to Know</title>
      <link>https://www.oxfordrvstorage.com/blog/climate-controlled-car-storage-in-atlanta-what-to-know.html</link>
      <guid>https://www.oxfordrvstorage.com/blog/climate-controlled-car-storage-in-atlanta-what-to-know.html</guid>
      <pubDate>Mon, 01 Dec 2025 13:54:46 GMT</pubDate>
      <description><![CDATA[What climate-controlled car storage actually provides in Atlanta, when it's worth the premium cost, and how to evaluate whether your vehicle needs it.]]></description>
    </item>
    <item>
      <title>Covered RV Storage vs Open RV Storage in Atlanta</title>
      <link>https://www.oxfordrvstorage.com/blog/covered-rv-storage-vs-open-rv-storage-in-atlanta.html</link>
      <guid>https://www.oxfordrvstorage.com/blog/covered-rv-storage-vs-open-rv-storage-in-atlanta.html</guid>
      <pubDate>Mon, 01 Dec 2025 13:54:46 GMT</pubDate>
      <description><![CDATA[Direct comparison of covered versus open RV storage in Atlanta. Cost differences, protection benefits, and when each option makes sense for your motorhome or trailer.]]></description>
    </item>
    <item>
      <title>How Heat Affects Stored Cars in Atlanta</title>
      <link>https://www.oxfordrvstorage.com/blog/how-heat-affects-stored-cars-in-atlanta.html</link>
      <guid>https://www.oxfordrvstorage.com/blog/how-heat-affects-stored-cars-in-atlanta.html</guid>
      <pubDate>Mon, 01 Dec 2025 13:54:46 GMT</pubDate>
      <description><![CDATA[The specific ways Georgia heat damages stored vehicles, what deteriorates fastest, and how to minimize heat damage during storage.]]></description>
    </item>
    <item>
      <title>Top RV Storage Mistakes to Avoid in Georgia</title>
      <link>https://www.oxfordrvstorage.com/blog/top-rv-storage-mistakes-to-avoid-in-georgia.html</link>
      <guid>https://www.oxfordrvstorage.com/blog/top-rv-storage-mistakes-to-avoid-in-georgia.html</guid>
      <pubDate>Mon, 01 Dec 2025 13:54:46 GMT</pubDate>
      <description><![CDATA[Common RV storage mistakes that cause expensive damage in Georgia's climate. What goes wrong, why it happens, and how to prevent it.]]></description>
    </item>
    <item>
      <title>Short-Term Car Storage Options in Atlanta Metro</title>
      <link>https://www.oxfordrvstorage.com/blog/short-term-car-storage-options-in-atlanta-metro.html</link>
      <guid>https://www.oxfordrvstorage.com/blog/short-term-car-storage-options-in-atlanta-metro.html</guid>
      <pubDate>Mon, 01 Dec 2025 13:54:46 GMT</pubDate>
      <description><![CDATA[Options for storing your car short-term in Atlanta while traveling, during a move, or for other temporary situations. What works for days to weeks vs months.]]></description>
    </item>
    <item>
      <title>Trailered Boat Storage Near Oxford and Lake Oconee</title>
      <link>https://www.oxfordrvstorage.com/blog/trailered-boat-storage-near-oxford-and-lake-oconee.html</link>
      <guid>https://www.oxfordrvstorage.com/blog/trailered-boat-storage-near-oxford-and-lake-oconee.html</guid>
      <pubDate>Mon, 01 Dec 2025 13:54:46 GMT</pubDate>
      <description><![CDATA[Where to store your trailered boat between Oxford, GA and Lake Oconee. Comparing off-water storage to marina options and what makes geographic sense.]]></description>
    </item>
    <item>
      <title>Must-Have Security Features in an Atlanta Storage Facility</title>
      <link>https://www.oxfordrvstorage.com/blog/must-have-security-features-in-an-atlanta-storage-facility.html</link>
      <guid>https://www.oxfordrvstorage.com/blog/must-have-security-features-in-an-atlanta-storage-facility.html</guid>
      <pubDate>Mon, 01 Dec 2025 13:54:46 GMT</pubDate>
      <description><![CDATA[What security features actually matter for vehicle storage in Atlanta. Separating essential protection from marketing hype and understanding what keeps your vehicle safe.]]></description>
    </item>
    <item>
      <title>A Complete Guide to Storing Work Trucks in Atlanta</title>
      <link>https://www.oxfordrvstorage.com/blog/a-complete-guide-to-storing-work-trucks-in-atlanta.html</link>
      <guid>https://www.oxfordrvstorage.com/blog/a-complete-guide-to-storing-work-trucks-in-atlanta.html</guid>
      <pubDate>Mon, 01 Dec 2025 13:54:46 GMT</pubDate>
      <description><![CDATA[Storage options for work trucks, service vehicles, and commercial fleets in the Atlanta Metro area. What contractors and small businesses need to know about off-site vehicle storage.]]></description>
    </item>
    <item>
      <title>What Insurance You Need for Stored Vehicles in Atlanta</title>
      <link>https://www.oxfordrvstorage.com/blog/what-insurance-you-need-for-stored-vehicles-in-atlanta.html</link>
      <guid>https://www.oxfordrvstorage.com/blog/what-insurance-you-need-for-stored-vehicles-in-atlanta.html</guid>
      <pubDate>Mon, 01 Dec 2025 13:54:46 GMT</pubDate>
      <description><![CDATA[Understanding insurance requirements and options for stored vehicles in Atlanta. What your policy actually covers, what the storage facility provides, and how to avoid gaps.]]></description>
    </item>
    <item>
      <title>Best Car Storage Near Covington, Conyers, and Oxford</title>
      <link>https://www.oxfordrvstorage.com/blog/best-car-storage-near-covington-conyers-and-oxford.html</link>
      <guid>https://www.oxfordrvstorage.com/blog/best-car-storage-near-covington-conyers-and-oxford.html</guid>
      <pubDate>Mon, 01 Dec 2025 13:54:46 GMT</pubDate>
      <description><![CDATA[Car storage options in the Covington, Conyers, and Oxford area east of Atlanta. What's available, what to expect on pricing, and how to evaluate local facilities.]]></description>
    </item>
    <item>
      <title>RV Storage Tips for Georgia Summers and Winters</title>
      <link>https://www.oxfordrvstorage.com/blog/rv-storage-tips-for-georgia-summers-and-winters.html</link>
      <guid>https://www.oxfordrvstorage.com/blog/rv-storage-tips-for-georgia-summers-and-winters.html</guid>
      <pubDate>Mon, 01 Dec 2025 13:54:46 GMT</pubDate>
      <description><![CDATA[How to prepare your RV for Georgia's seasonal extremes. Summer heat protection, winter prep for mild but variable conditions, and year-round maintenance.]]></description>
    </item>
    <item>
      <title>Storage Options Near I-20 for Atlanta Metro Drivers</title>
      <link>https://www.oxfordrvstorage.com/blog/storage-options-near-i-20-for-atlanta-metro-drivers.html</link>
      <guid>https://www.oxfordrvstorage.com/blog/storage-options-near-i-20-for-atlanta-metro-drivers.html</guid>
      <pubDate>Mon, 01 Dec 2025 13:54:46 GMT</pubDate>
      <description><![CDATA[Vehicle storage options along the I-20 corridor east of Atlanta, covering Conyers, Covington, and Oxford. Why location along this highway makes practical sense for many drivers.]]></description>
    </item>
    <item>
      <title>How Much Does RV Storage Cost in Atlanta</title>
      <link>https://www.oxfordrvstorage.com/blog/how-much-does-rv-storage-cost-in-atlanta.html</link>
      <guid>https://www.oxfordrvstorage.com/blog/how-much-does-rv-storage-cost-in-atlanta.html</guid>
      <pubDate>Mon, 01 Dec 2025 13:54:46 GMT</pubDate>
      <description><![CDATA[Actual RV storage pricing in the Atlanta Metro area broken down by storage type, RV size, and location. What to expect to pay and what affects the price.]]></description>
    </item>
    <item>
      <title>Outdoor vs Indoor Car Storage in Atlanta, Which Is Better</title>
      <link>https://www.oxfordrvstorage.com/blog/outdoor-vs-indoor-car-storage-in-atlanta-which-is-better.html</link>
      <guid>https://www.oxfordrvstorage.com/blog/outdoor-vs-indoor-car-storage-in-atlanta-which-is-better.html</guid>
      <pubDate>Mon, 01 Dec 2025 13:54:46 GMT</pubDate>
      <description><![CDATA[A direct comparison of outdoor and indoor car storage in Atlanta. When outdoor makes sense, when indoor is worth the premium, and how Georgia weather factors in.]]></description>
    </item>
    <item>
      <title>Best Boat Storage Options Near Atlanta Metro Lakes</title>
      <link>https://www.oxfordrvstorage.com/blog/best-boat-storage-options-near-atlanta-metro-lakes.html</link>
      <guid>https://www.oxfordrvstorage.com/blog/best-boat-storage-options-near-atlanta-metro-lakes.html</guid>
      <pubDate>Mon, 01 Dec 2025 13:54:46 GMT</pubDate>
      <description><![CDATA[Boat storage options for Atlanta Metro lakes including Lake Lanier, Lake Allatoona, and Lake Oconee. Compare marina storage, dry stacks, and off-water trailer storage.]]></description>
    </item>
    <item>
      <title>Car Storage Close to Hartsfield-Jackson Airport</title>
      <link>https://www.oxfordrvstorage.com/blog/car-storage-close-to-hartsfield-jackson-airport.html</link>
      <guid>https://www.oxfordrvstorage.com/blog/car-storage-close-to-hartsfield-jackson-airport.html</guid>
      <pubDate>Mon, 01 Dec 2025 13:54:46 GMT</pubDate>
      <description><![CDATA[Options for storing your car when flying out of Atlanta's Hartsfield-Jackson Airport, including off-site storage facilities, costs, and transportation logistics.]]></description>
    </item>
    <item>
      <title>Best RV Storage Facilities in the Atlanta Metro</title>
      <link>https://www.oxfordrvstorage.com/blog/best-rv-storage-facilities-in-the-atlanta-metro.html</link>
      <guid>https://www.oxfordrvstorage.com/blog/best-rv-storage-facilities-in-the-atlanta-metro.html</guid>
      <pubDate>Mon, 01 Dec 2025 13:54:46 GMT</pubDate>
      <description><![CDATA[How to evaluate RV storage facilities in the Atlanta Metro area. What to look for in security, access, space requirements, and pricing for motorhomes and travel trailers.]]></description>
    </item>
    <item>
      <title>Best Car Storage Options in Atlanta Metro for Long-Term Parking</title>
      <link>https://www.oxfordrvstorage.com/blog/best-car-storage-options-in-atlanta-metro-for-long-term-parking.html</link>
      <guid>https://www.oxfordrvstorage.com/blog/best-car-storage-options-in-atlanta-metro-for-long-term-parking.html</guid>
      <pubDate>Mon, 01 Dec 2025 13:54:46 GMT</pubDate>
      <description><![CDATA[Compare long-term car storage options across the Atlanta Metro including outdoor lots, covered spaces, and indoor units. Learn what to expect for pricing, security, and vehicle prep.]]></description>
    </item>
    <item>
      <title>Secure Boat Storage in Atlanta, What to Look For</title>
      <link>https://www.oxfordrvstorage.com/blog/secure-boat-storage-in-atlanta-what-to-look-for.html</link>
      <guid>https://www.oxfordrvstorage.com/blog/secure-boat-storage-in-atlanta-what-to-look-for.html</guid>
      <pubDate>Mon, 01 Dec 2025 13:06:51 GMT</pubDate>
      <description><![CDATA[Secure Boat Storage in Atlanta, What to Look For for drivers in Oxford, GA and the Atlanta Metro, with practical tips on safe, secure vehicle storage.]]></description>
    </item>
    <item>
      <title>Seasonal Fleet Storage for Businesses in Atlanta</title>
      <link>https://www.oxfordrvstorage.com/blog/seasonal-fleet-storage-for-businesses-in-atlanta.html</link>
      <guid>https://www.oxfordrvstorage.com/blog/seasonal-fleet-storage-for-businesses-in-atlanta.html</guid>
      <pubDate>Mon, 01 Dec 2025 13:06:51 GMT</pubDate>
      <description><![CDATA[Seasonal Fleet Storage for Businesses in Atlanta for drivers in Oxford, GA and the Atlanta Metro, with practical tips on safe, secure vehicle storage.]]></description>
    </item>
    <item>
      <title>Reasons Companies Choose Oxford for Industrial Storage</title>
      <link>https://www.oxfordrvstorage.com/blog/reasons-companies-choose-oxford-for-industrial-storage.html</link>
      <guid>https://www.oxfordrvstorage.com/blog/reasons-companies-choose-oxford-for-industrial-storage.html</guid>
      <pubDate>Mon, 01 Dec 2025 13:06:51 GMT</pubDate>
      <description><![CDATA[Reasons Companies Choose Oxford for Industrial Storage for drivers in Oxford, GA and the Atlanta Metro, with practical tips on safe, secure vehicle storage.]]></description>
    </item>
    <item>
      <title>Pop-Up Camper Storage Tips for Atlanta Owners</title>
      <link>https://www.oxfordrvstorage.com/blog/pop-up-camper-storage-tips-for-atlanta-owners.html</link>
      <guid>https://www.oxfordrvstorage.com/blog/pop-up-camper-storage-tips-for-atlanta-owners.html</guid>
      <pubDate>Mon, 01 Dec 2025 13:06:51 GMT</pubDate>
      <description><![CDATA[Pop-Up Camper Storage Tips for Atlanta Owners for drivers in Oxford, GA and the Atlanta Metro, with practical tips on safe, secure vehicle storage.]]></description>
    </item>
  </channel>
</rss>
